iso_code,indicator_code,year,value
BRA,NY.GDP.MKTP.CD,1960,918604404782.934
BRA,NY.GDP.MKTP.CD,1961,918604404782.934
BRA,NY.GDP.MKTP.CD,1962,953931325832.1528
BRA,NY.GDP.MKTP.CD,1963,991322230159.6191
BRA,NY.GDP.MKTP.CD,1964,1028713134487.0856
BRA,NY.GDP.MKTP.CD,1965,1068274525108.6632
BRA,NY.GDP.MKTP.CD,1966,1109357334652.0413
BRA,NY.GDP.MKTP.CD,1967,1152020072575.538
BRA,NY.GDP.MKTP.CD,1968,1197175390521.9497
BRA,NY.GDP.MKTP.CD,1969,1242330708468.3616
BRA,NY.GDP.MKTP.CD,1970,1291968127822.3557
BRA,NY.GDP.MKTP.CD,1971,1341605547176.3496
BRA,NY.GDP.MKTP.CD,1972,1391242966530.3438
BRA,NY.GDP.MKTP.CD,1973,1444746226674.7493
BRA,NY.GDP.MKTP.CD,1974,1500307070515.8538
BRA,NY.GDP.MKTP.CD,1975,1558004626889.1245
BRA,NY.GDP.MKTP.CD,1976,1617921067700.7002
BRA,NY.GDP.MKTP.CD,1977,1680141724955.2625
BRA,NY.GDP.MKTP.CD,1978,1744755212284.4658
BRA,NY.GDP.MKTP.CD,1979,1811853551149.0076
BRA,NY.GDP.MKTP.CD,1980,1881532301894.0708
BRA,NY.GDP.MKTP.CD,1981,1953890699844.7893
BRA,NY.GDP.MKTP.CD,1982,2029031796635.5564
BRA,NY.GDP.MKTP.CD,1983,2107062606974.46
BRA,NY.GDP.MKTP.CD,1984,2188094261051.8608
BRA,NY.GDP.MKTP.CD,1985,2272242162810.1733
BRA,NY.GDP.MKTP.CD,1986,2359626154300.252
BRA,NY.GDP.MKTP.CD,1987,2450370686358.4604
BRA,NY.GDP.MKTP.CD,1988,2544604995847.4946
BRA,NY.GDP.MKTP.CD,1989,2642463289713.3867
BRA,NY.GDP.MKTP.CD,1990,2744084936120.822
BRA,NY.GDP.MKTP.CD,1991,2849614662938.9697
BRA,NY.GDP.MKTP.CD,1992,2961309987693.243
BRA,NY.GDP.MKTP.CD,1993,3073005312447.516
BRA,NY.GDP.MKTP.CD,1994,3191184384408.656
BRA,NY.GDP.MKTP.CD,1995,3313908288424.9263
BRA,NY.GDP.MKTP.CD,1996,3441351805851.9976
BRA,NY.GDP.MKTP.CD,1997,3584274686747.987
BRA,NY.GDP.MKTP.CD,1998,3727197567643.9756
BRA,NY.GDP.MKTP.CD,1999,3870120448539.965
BRA,NY.GDP.MKTP.CD,2000,4013043329435.954
BRA,NY.GDP.MKTP.CD,2001,4155966210331.943
BRA,NY.GDP.MKTP.CD,2002,4315792888095.708
BRA,NY.GDP.MKTP.CD,2003,4481766046757.584
BRA,NY.GDP.MKTP.CD,2004,4654122062546.868
BRA,NY.GDP.MKTP.CD,2005,4833106402052.48
BRA,NY.GDP.MKTP.CD,2006,5018973971812.422
BRA,NY.GDP.MKTP.CD,2007,5211989481347.451
BRA,NY.GDP.MKTP.CD,2008,5412427820156.013
BRA,NY.GDP.MKTP.CD,2009,5620574449207.315
BRA,NY.GDP.MKTP.CD,2010,5836725807490.125
BRA,NY.GDP.MKTP.CD,2011,6061189734196.271
BRA,NY.GDP.MKTP.CD,2012,6294285907140.145
BRA,NY.GDP.MKTP.CD,2013,6536346298038.545
BRA,NY.GDP.MKTP.CD,2014,6787715645299.32
BRA,NY.GDP.MKTP.CD,2015,7048751944992.11
BRA,NY.GDP.MKTP.CD,2016,7319826960700.428
BRA,NY.GDP.MKTP.CD,2017,7601326752981.207
BRA,NY.GDP.MKTP.CD,2018,7893652229185.88
BRA,NY.GDP.MKTP.CD,2019,8197219714425.983
BRA,NY.GDP.MKTP.CD,2020,8512461544496.517
BRA,NY.GDP.MKTP.CD,2021,8839826681601.426
BRA,NY.GDP.MKTP.CD,2022,9179781353758.154
BRA,NY.GDP.MKTP.CD,2023,9179781353758.154
BRA,SP.POP.TOTL,1960,334328862189.1386
BRA,SP.POP.TOTL,1961,334328862189.1386
BRA,SP.POP.TOTL,1962,349112060065.93555
BRA,SP.POP.TOTL,1963,364548934499.5023
BRA,SP.POP.TOTL,1964,380668389455.30206
BRA,SP.POP.TOTL,1965,397500606960.8781
BRA,SP.POP.TOTL,1966,415077103618.60657
BRA,SP.POP.TOTL,1967,433430789617.3051
BRA,SP.POP.TOTL,1968,452596030353.1889
BRA,SP.POP.TOTL,1969,472608710775.5535
BRA,SP.POP.TOTL,1970,494443962146.3235
BRA,SP.POP.TOTL,1971,516279213517.0935
BRA,SP.POP.TOTL,1972,538114464887.86346
BRA,SP.POP.TOTL,1973,561908559608.5988
BRA,SP.POP.TOTL,1974,586754770524.9044
BRA,SP.POP.TOTL,1975,612699619620.5745
BRA,SP.POP.TOTL,1976,639791685966.8087
BRA,SP.POP.TOTL,1977,668081696681.5466
BRA,SP.POP.TOTL,1978,697622621910.7965
BRA,SP.POP.TOTL,1979,728469774009.8063
BRA,SP.POP.TOTL,1980,760680911109.7798
BRA,SP.POP.TOTL,1981,794316345264.0597
BRA,SP.POP.TOTL,1982,829439055376.2655
BRA,SP.POP.TOTL,1983,866114805121.8381
BRA,SP.POP.TOTL,1984,904412266083.7816
BRA,SP.POP.TOTL,1985,944403146333.1664
BRA,SP.POP.TOTL,1986,986162324695.1428
BRA,SP.POP.TOTL,1987,1029767990951.8682
BRA,SP.POP.TOTL,1988,1076308488451.3901
BRA,SP.POP.TOTL,1989,1122848985950.912
BRA,SP.POP.TOTL,1990,1172498599317.7727
BRA,SP.POP.TOTL,1991,1225489825117.3833
BRA,SP.POP.TOTL,1992,1278481050916.994
BRA,SP.POP.TOTL,1993,1335012330429.2876
BRA,SP.POP.TOTL,1994,1395348385319.4219
BRA,SP.POP.TOTL,1995,1455684440209.5564
BRA,SP.POP.TOTL,1996,1520051216637.067
BRA,SP.POP.TOTL,1997,1588750127914.7915
BRA,SP.POP.TOTL,1998,1657449039192.516
BRA,SP.POP.TOTL,1999,1730737348663.172
BRA,SP.POP.TOTL,2000,1807266286459.682
BRA,SP.POP.TOTL,2001,1887179145175.6692
BRA,SP.POP.TOTL,2002,1970625553449.908
BRA,SP.POP.TOTL,2003,2057761756130.6133
BRA,SP.POP.TOTL,2004,2148750906827.912
BRA,SP.POP.TOTL,2005,2243763373402.256
BRA,SP.POP.TOTL,2006,2342977056960.781
BRA,SP.POP.TOTL,2007,2446577724958.9023
BRA,SP.POP.TOTL,2008,2554759359030.8354
BRA,SP.POP.TOTL,2009,2670222038591.2573
BRA,SP.POP.TOTL,2010,2785684718151.679
BRA,SP.POP.TOTL,2011,2911584099176.0938
BRA,SP.POP.TOTL,2012,3037483480200.5083
BRA,SP.POP.TOTL,2013,3174762938833.165
BRA,SP.POP.TOTL,2014,3312042397465.8223
BRA,SP.POP.TOTL,2015,3458492745238.605
BRA,SP.POP.TOTL,2016,3611418766263.392
BRA,SP.POP.TOTL,2017,3771106798843.26
BRA,SP.POP.TOTL,2018,3937855842454.983
BRA,SP.POP.TOTL,2019,4111978117594.901
BRA,SP.POP.TOTL,2020,4293799650379.812
BRA,SP.POP.TOTL,2021,4483660882997.461
BRA,SP.POP.TOTL,2022,4483660882997.461
BRA,SP.POP.TOTL,2023,4483660882997.461
CHN,NY.GDP.MKTP.CD,1960,498237787029.1839
CHN,NY.GDP.MKTP.CD,1961,498237787029.1839
CHN,NY.GDP.MKTP.CD,1962,521082225626.74005
CHN,NY.GDP.MKTP.CD,1963,544974092557.5611
CHN,NY.GDP.MKTP.CD,1964,569961412906.9927
CHN,NY.GDP.MKTP.CD,1965,596094413733.298
CHN,NY.GDP.MKTP.CD,1966,624052199522.8035
CHN,NY.GDP.MKTP.CD,1967,652009985312.3088
CHN,NY.GDP.MKTP.CD,1968,681904952057.551
CHN,NY.GDP.MKTP.CD,1969,713170617192.1301
CHN,NY.GDP.MKTP.CD,1970,747392016335.3857
CHN,NY.GDP.MKTP.CD,1971,781613415478.6415
CHN,NY.GDP.MKTP.CD,1972,815834814621.8971
CHN,NY.GDP.MKTP.CD,1973,853241227410.269
CHN,NY.GDP.MKTP.CD,1974,892362741947.9363
CHN,NY.GDP.MKTP.CD,1975,933277996462.7096
CHN,NY.GDP.MKTP.CD,1976,977050234058.0066
CHN,NY.GDP.MKTP.CD,1977,1020822471653.3036
CHN,NY.GDP.MKTP.CD,1978,1067627665638.5673
CHN,NY.GDP.MKTP.CD,1979,1116578899944.0938
CHN,NY.GDP.MKTP.CD,1980,1167774571535.3486
CHN,NY.GDP.MKTP.CD,1981,1221317588925.2844
CHN,NY.GDP.MKTP.CD,1982,1277315579030.9302
CHN,NY.GDP.MKTP.CD,1983,1335881103514.4531
CHN,NY.GDP.MKTP.CD,1984,1397131885043.5625
CHN,NY.GDP.MKTP.CD,1985,1461191043926.0583
CHN,NY.GDP.MKTP.CD,1986,1528187345594.1868
CHN,NY.GDP.MKTP.CD,1987,1598255459436.2705
CHN,NY.GDP.MKTP.CD,1988,1673216208509.5188
CHN,NY.GDP.MKTP.CD,1989,1748176957582.767
CHN,NY.GDP.MKTP.CD,1990,1828331699364.3716
CHN,NY.GDP.MKTP.CD,1991,1914083393769.3818
CHN,NY.GDP.MKTP.CD,1992,1999835088174.392
CHN,NY.GDP.MKTP.CD,1993,2091528474477.832
CHN,NY.GDP.MKTP.CD,1994,2187426045987.0967
CHN,NY.GDP.MKTP.CD,1995,2287720566585.793
CHN,NY.GDP.MKTP.CD,1996,2395018336994.8076
CHN,NY.GDP.MKTP.CD,1997,2502316107403.8228
CHN,NY.GDP.MKTP.CD,1998,2617048486511.62
CHN,NY.GDP.MKTP.CD,1999,2737041399561.068
CHN,NY.GDP.MKTP.CD,2000,2862536044525.802
CHN,NY.GDP.MKTP.CD,2001,2993784678420.827
CHN,NY.GDP.MKTP.CD,2002,3131051124364.8057
CHN,NY.GDP.MKTP.CD,2003,3274611301891.388
CHN,NY.GDP.MKTP.CD,2004,3424753781575.571
CHN,NY.GDP.MKTP.CD,2005,3581780365089.937
CHN,NY.GDP.MKTP.CD,2006,3746006691856.752
CHN,NY.GDP.MKTP.CD,2007,3917762873515.3374
CHN,NY.GDP.MKTP.CD,2008,4097394157480.085
CHN,NY.GDP.MKTP.CD,2009,4285261620922.91
CHN,NY.GDP.MKTP.CD,2010,4481742896575.139
CHN,NY.GDP.MKTP.CD,2011,4687232931807.747
CHN,NY.GDP.MKTP.CD,2012,4902144782515.799
CHN,NY.GDP.MKTP.CD,2013,5126910443402.842
CHN,NY.GDP.MKTP.CD,2014,5361981716334.266
CHN,NY.GDP.MKTP.CD,2015,5607831118505.045
CHN,NY.GDP.MKTP.CD,2016,5864952832247.422
CHN,NY.GDP.MKTP.CD,2017,6133863698387.713
CHN,NY.GDP.MKTP.CD,2018,6415104255148.995
CHN,NY.GDP.MKTP.CD,2019,6709239824687.98
CHN,NY.GDP.MKTP.CD,2020,7016861649450.111
CHN,NY.GDP.MKTP.CD,2021,7338588080627.079
CHN,NY.GDP.MKTP.CD,2022,7675065821105.69
CHN,NY.GDP.MKTP.CD,2023,7675065821105.69
CHN,SP.POP.TOTL,1960,61344315437.31494
CHN,SP.POP.TOTL,1961,61344315437.31494
CHN,SP.POP.TOTL,1962,62258323648.42122
CHN,SP.POP.TOTL,1963,63185950252.756165
CHN,SP.POP.TOTL,1964,64127398159.47518
CHN,SP.POP.TOTL,1965,65082873301.007
CHN,SP.POP.TOTL,1966,66052584678.0994
CHN,SP.POP.TOTL,1967,67036744405.53604
CHN,SP.POP.TOTL,1968,68035567758.53447
CHN,SP.POP.TOTL,1969,69049273219.83548
CHN,SP.POP.TOTL,1970,70093487547.36197
CHN,SP.POP.TOTL,1971,71137701874.88844
CHN,SP.POP.TOTL,1972,72181916202.41493
CHN,SP.POP.TOTL,1973,73257400762.50932
CHN,SP.POP.TOTL,1974,74348909655.28778
CHN,SP.POP.TOTL,1975,75456681637.53725
CHN,SP.POP.TOTL,1976,76580959023.43481
CHN,SP.POP.TOTL,1977,77721987737.55157
CHN,SP.POP.TOTL,1978,78880017368.64615
CHN,SP.POP.TOTL,1979,80055301224.25981
CHN,SP.POP.TOTL,1980,81248096386.12495
CHN,SP.POP.TOTL,1981,82476790366.15475
CHN,SP.POP.TOTL,1982,83705484346.18456
CHN,SP.POP.TOTL,1983,84934178326.21436
CHN,SP.POP.TOTL,1984,86199667000.1087
CHN,SP.POP.TOTL,1985,87484010999.5659
CHN,SP.POP.TOTL,1986,88787491262.14742
CHN,SP.POP.TOTL,1987,90110392911.2832
CHN,SP.POP.TOTL,1988,91453005318.6396
CHN,SP.POP.TOTL,1989,92815622167.41669
CHN,SP.POP.TOTL,1990,94198541516.5884
CHN,SP.POP.TOTL,1991,95602065866.10008
CHN,SP.POP.TOTL,1992,97026502223.03732
CHN,SP.POP.TOTL,1993,98472162168.78076
CHN,SP.POP.TOTL,1994,99939361927.16138
CHN,SP.POP.TOTL,1995,101439515666.3136
CHN,SP.POP.TOTL,1996,102939669405.4658
CHN,SP.POP.TOTL,1997,104473433413.00948
CHN,SP.POP.TOTL,1998,106030049951.98662
CHN,SP.POP.TOTL,1999,107609859516.8868
CHN,SP.POP.TOTL,2000,109213207675.4449
CHN,SP.POP.TOTL,2001,110840445144.23064
CHN,SP.POP.TOTL,2002,112491927865.36436
CHN,SP.POP.TOTL,2003,114180503647.29361
CHN,SP.POP.TOTL,2004,115869079429.22284
CHN,SP.POP.TOTL,2005,117595486990.48833
CHN,SP.POP.TOTL,2006,119347617402.77042
CHN,SP.POP.TOTL,2007,121125853927.28703
CHN,SP.POP.TOTL,2008,122930585535.7101
CHN,SP.POP.TOTL,2009,124762206995.24953
CHN,SP.POP.TOTL,2010,126621118955.00436
CHN,SP.POP.TOTL,2011,128507728033.60104
CHN,SP.POP.TOTL,2012,130422446908.13716
CHN,SP.POP.TOTL,2013,132365694404.45032
CHN,SP.POP.TOTL,2014,134337895588.73248
CHN,SP.POP.TOTL,2015,136354393317.86702
CHN,SP.POP.TOTL,2016,138370891047.00156
CHN,SP.POP.TOTL,2017,140432567498.90176
CHN,SP.POP.TOTL,2018,142524962187.5652
CHN,SP.POP.TOTL,2019,144648532803.65854
CHN,SP.POP.TOTL,2020,146803743857.27475
CHN,SP.POP.TOTL,2021,149007361941.5041
CHN,SP.POP.TOTL,2022,151210980025.7334
CHN,SP.POP.TOTL,2023,151210980025.7334
CIV,NY.GDP.MKTP.CD,1960,739214697466.8041
CIV,NY.GDP.MKTP.CD,1961,739214697466.8041
CIV,NY.GDP.MKTP.CD,1962,767080353238.6809
CIV,NY.GDP.MKTP.CD,1963,795996441008.5386
CIV,NY.GDP.MKTP.CD,1964,826002558171.515
CIV,NY.GDP.MKTP.CD,1965,857139794797.8616
CIV,NY.GDP.MKTP.CD,1966,889450789901.2659
CIV,NY.GDP.MKTP.CD,1967,922979789828.2804
CIV,NY.GDP.MKTP.CD,1968,957772708848.8188
CIV,NY.GDP.MKTP.CD,1969,993877192030.686
CIV,NY.GDP.MKTP.CD,1970,1032772736899.7379
CIV,NY.GDP.MKTP.CD,1971,1071668281768.7899
CIV,NY.GDP.MKTP.CD,1972,1110563826637.8418
CIV,NY.GDP.MKTP.CD,1973,1152427968965.962
CIV,NY.GDP.MKTP.CD,1974,1198388966790.0908
CIV,NY.GDP.MKTP.CD,1975,1244349964614.22
CIV,NY.GDP.MKTP.CD,1976,1290310962438.349
CIV,NY.GDP.MKTP.CD,1977,1336271960262.478
CIV,NY.GDP.MKTP.CD,1978,1386644463122.4573
CIV,NY.GDP.MKTP.CD,1979,1438915822742.0144
CIV,NY.GDP.MKTP.CD,1980,1493157618986.9229
CIV,NY.GDP.MKTP.CD,1981,1550505026498.7368
CIV,NY.GDP.MKTP.CD,1982,1607852434010.5508
CIV,NY.GDP.MKTP.CD,1983,1668462514697.0544
CIV,NY.GDP.MKTP.CD,1984,1731357370903.4492
CIV,NY.GDP.MKTP.CD,1985,1796623130203.1875
CIV,NY.GDP.MKTP.CD,1986,1865625677210.1257
CIV,NY.GDP.MKTP.CD,1987,1934628224217.064
CIV,NY.GDP.MKTP.CD,1988,2007556541696.86
CIV,NY.GDP.MKTP.CD,1989,2083233986592.3816
CIV,NY.GDP.MKTP.CD,1990,2161764190823.427
CIV,NY.GDP.MKTP.CD,1991,2243254692849.2754
CIV,NY.GDP.MKTP.CD,1992,2327817084930.7617
CIV,NY.GDP.MKTP.CD,1993,2415567165943.575
CIV,NY.GDP.MKTP.CD,1994,2506625099952.057
CIV,NY.GDP.MKTP.CD,1995,2602896551310.168
CIV,NY.GDP.MKTP.CD,1996,2699168002668.279
CIV,NY.GDP.MKTP.CD,1997,2800916637659.666
CIV,NY.GDP.MKTP.CD,1998,2906500819275.9307
CIV,NY.GDP.MKTP.CD,1999,3016065133416.557
CIV,NY.GDP.MKTP.CD,2000,3129759616333.843
CIV,NY.GDP.MKTP.CD,2001,3247739960091.005
CIV,NY.GDP.MKTP.CD,2002,3370167725765.306
CIV,NY.GDP.MKTP.CD,2003,3497210564688.138
CIV,NY.GDP.MKTP.CD,2004,3629042448025.045
CIV,NY.GDP.MKTP.CD,2005,3765843905010.059
CIV,NY.GDP.MKTP.CD,2006,3907802270160.589
CIV,NY.GDP.MKTP.CD,2007,4055111939811.393
CIV,NY.GDP.MKTP.CD,2008,4207974638318.935
CIV,NY.GDP.MKTP.CD,2009,4366599694300.6577
CIV,NY.GDP.MKTP.CD,2010,4531204327287.448
CIV,NY.GDP.MKTP.CD,2011,4702013945181.851
CIV,NY.GDP.MKTP.CD,2012,4879262452929.34
CIV,NY.GDP.MKTP.CD,2013,5063192572825.363
CIV,NY.GDP.MKTP.CD,2014,5254056176896.779
CIV,NY.GDP.MKTP.CD,2015,5452114631812.827
CIV,NY.GDP.MKTP.CD,2016,5657639156797.981
CIV,NY.GDP.MKTP.CD,2017,5870911195036.783
CIV,NY.GDP.MKTP.CD,2018,6092222799079.261
CIV,NY.GDP.MKTP.CD,2019,6321877030774.711
CIV,NY.GDP.MKTP.CD,2020,6560188376281.493
CIV,NY.GDP.MKTP.CD,2021,6807483176721.168
CIV,NY.GDP.MKTP.CD,2022,7064100075066.689
CIV,NY.GDP.MKTP.CD,2023,7064100075066.689
CIV,SP.POP.TOTL,1960,691599714337.5059
CIV,SP.POP.TOTL,1961,691599714337.5059
CIV,SP.POP.TOTL,1962,691599714337.5059
CIV,SP.POP.TOTL,1963,702159877727.8776
CIV,SP.POP.TOTL,1964,712881286197.62
CIV,SP.POP.TOTL,1965,723766401827.5425
CIV,SP.POP.TOTL,1966,734817724292.4187
CIV,SP.POP.TOTL,1967,746037791435.0176
CIV,SP.POP.TOTL,1968,757429179848.8958
CIV,SP.POP.TOTL,1969,768994505470.0917
CIV,SP.POP.TOTL,1970,780916626231.6687
CIV,SP.POP.TOTL,1971,792838746993.2456
CIV,SP.POP.TOTL,1972,804760867754.8226
CIV,SP.POP.TOTL,1973,817048909634.3785
CIV,SP.POP.TOTL,1974,829524579888.1306
CIV,SP.POP.TOTL,1975,842190743448.2749
CIV,SP.POP.TOTL,1976,855050308992.1844
CIV,SP.POP.TOTL,1977,868106229610.3625
CIV,SP.POP.TOTL,1978,881361503484.5955
CIV,SP.POP.TOTL,1979,894819174576.4587
CIV,SP.POP.TOTL,1980,908482333326.3384
CIV,SP.POP.TOTL,1981,922354117363.1237
CIV,SP.POP.TOTL,1982,936545234726.3938
CIV,SP.POP.TOTL,1983,950736352089.664
CIV,SP.POP.TOTL,1984,965253320519.6613
CIV,SP.POP.TOTL,1985,979991951213.7913
CIV,SP.POP.TOTL,1986,994955628773.9822
CIV,SP.POP.TOTL,1987,1010147789482.2725
CIV,SP.POP.TOTL,1988,1025689679050.4276
CIV,SP.POP.TOTL,1989,1041231568618.5828
CIV,SP.POP.TOTL,1990,1057130325173.6776
CIV,SP.POP.TOTL,1991,1073271842770.2316
CIV,SP.POP.TOTL,1992,1089659828171.2896
CIV,SP.POP.TOTL,1993,1106298044739.1428
CIV,SP.POP.TOTL,1994,1123190313299.5557
CIV,SP.POP.TOTL,1995,1140340513019.1836
CIV,SP.POP.TOTL,1996,1157752582296.3928
CIV,SP.POP.TOTL,1997,1175430519665.6785
CIV,SP.POP.TOTL,1998,1193378384715.8967
CIV,SP.POP.TOTL,1999,1211600299022.5117
CIV,SP.POP.TOTL,2000,1230100447094.0835
CIV,SP.POP.TOTL,2001,1249026475053.0947
CIV,SP.POP.TOTL,2002,1267952503012.1057
CIV,SP.POP.TOTL,2003,1287460913548.3303
CIV,SP.POP.TOTL,2004,1306969324084.555
CIV,SP.POP.TOTL,2005,1327078037992.942
CIV,SP.POP.TOTL,2006,1347186751901.329
CIV,SP.POP.TOTL,2007,1367757194488.9895
CIV,SP.POP.TOTL,2008,1388641730952.3914
CIV,SP.POP.TOTL,2009,1410007036759.0352
CIV,SP.POP.TOTL,2010,1431372342565.6787
CIV,SP.POP.TOTL,2011,1453228230439.247
CIV,SP.POP.TOTL,2012,1475417839889.331
CIV,SP.POP.TOTL,2013,1497946266572.1348
CIV,SP.POP.TOTL,2014,1520993305526.728
CIV,SP.POP.TOTL,2015,1544040344481.3215
CIV,SP.POP.TOTL,2016,1567616580822.9856
CIV,SP.POP.TOTL,2017,1591552807058.712
CIV,SP.POP.TOTL,2018,1616040053604.954
CIV,SP.POP.TOTL,2019,1640527300151.1963
CIV,SP.POP.TOTL,2020,1665576813586.2285
CIV,SP.POP.TOTL,2021,1691008812654.5527
CIV,SP.POP.TOTL,2022,1716829137599.7358
CIV,SP.POP.TOTL,2023,1716829137599.7358
FRA,NY.GDP.MKTP.CD,1960,35090898494.59374
FRA,NY.GDP.MKTP.CD,1961,35090898494.59374
FRA,NY.GDP.MKTP.CD,1962,36512249945.96101
FRA,NY.GDP.MKTP.CD,1963,37933601397.32828
FRA,NY.GDP.MKTP.CD,1964,39440178367.209854
FRA,NY.GDP.MKTP.CD,1965,41037696731.496086
FRA,NY.GDP.MKTP.CD,1966,42635215095.78232
FRA,NY.GDP.MKTP.CD,1967,44328522106.00932
FRA,NY.GDP.MKTP.CD,1968,46089080767.82158
FRA,NY.GDP.MKTP.CD,1969,47919562058.55139
FRA,NY.GDP.MKTP.CD,1970,49899330751.73495
FRA,NY.GDP.MKTP.CD,1971,51879099444.9185
FRA,NY.GDP.MKTP.CD,1972,53858868138.10206
FRA,NY.GDP.MKTP.CD,1973,55997935544.61696
FRA,NY.GDP.MKTP.CD,1974,58221958493.7898
FRA,NY.GDP.MKTP.CD,1975,60534311093.51745
FRA,NY.GDP.MKTP.CD,1976,62938501458.30478
FRA,NY.GDP.MKTP.CD,1977,65438177031.49247
FRA,NY.GDP.MKTP.CD,1978,68037130118.86327
FRA,NY.GDP.MKTP.CD,1979,70739303642.02196
FRA,NY.GDP.MKTP.CD,1980,73548797120.27725
FRA,NY.GDP.MKTP.CD,1981,76469872890.10138
FRA,NY.GDP.MKTP.CD,1982,79506962571.60239
FRA,NY.GDP.MKTP.CD,1983,82664673791.82016
FRA,NY.GDP.MKTP.CD,1984,85947797175.0458
FRA,NY.GDP.MKTP.CD,1985,89361313610.76962
FRA,NY.GDP.MKTP.CD,1986,92910401810.28429
FRA,NY.GDP.MKTP.CD,1987,96600446163.40697
FRA,NY.GDP.MKTP.CD,1988,100437044907.24055
FRA,NY.GDP.MKTP.CD,1989,104426018619.3666
FRA,NY.GDP.MKTP.CD,1990,108573419048.3552
FRA,NY.GDP.MKTP.CD,1991,112885538294.98898
FRA,NY.GDP.MKTP.CD,1992,117368918358.12988
FRA,NY.GDP.MKTP.CD,1993,122030361059.71112
FRA,NY.GDP.MKTP.CD,1994,126876938363.91202
FRA,NY.GDP.MKTP.CD,1995,131916003106.17024
FRA,NY.GDP.MKTP.CD,1996,137155200148.30975
FRA,NY.GDP.MKTP.CD,1997,142602477976.70743
FRA,NY.GDP.MKTP.CD,1998,148266100761.09415
FRA,NY.GDP.MKTP.CD,1999,154154660892.2853
FRA,NY.GDP.MKTP.CD,2000,160277092017.86197
FRA,NY.GDP.MKTP.CD,2001,166642682595.57886
FRA,NY.GDP.MKTP.CD,2002,173261089985.06195
FRA,NY.GDP.MKTP.CD,2003,180142355099.17413
FRA,NY.GDP.MKTP.CD,2004,187296917637.2768
FRA,NY.GDP.MKTP.CD,2005,194735631923.49805
FRA,NY.GDP.MKTP.CD,2006,202469783374.03607
FRA,NY.GDP.MKTP.CD,2007,210511105618.48077
FRA,NY.GDP.MKTP.CD,2008,218871798301.1283
FRA,NY.GDP.MKTP.CD,2009,227564545589.2956
FRA,NY.GDP.MKTP.CD,2010,236602535416.714
FRA,NY.GDP.MKTP.CD,2011,245999479491.1967
FRA,NY.GDP.MKTP.CD,2012,255769634096.9335
FRA,NY.GDP.MKTP.CD,2013,265927821722.9736
FRA,NY.GDP.MKTP.CD,2014,276489453550.70776
FRA,NY.GDP.MKTP.CD,2015,287470552834.4677
FRA,NY.GDP.MKTP.CD,2016,298887779210.7125
FRA,NY.GDP.MKTP.CD,2017,310758453972.6829
FRA,NY.GDP.MKTP.CD,2018,323100586348.86755
FRA,NY.GDP.MKTP.CD,2019,336187725950.47473
FRA,NY.GDP.MKTP.CD,2020,349274865552.082
FRA,NY.GDP.MKTP.CD,2021,363146721880.3955
FRA,NY.GDP.MKTP.CD,2022,363146721880.3955
FRA,NY.GDP.MKTP.CD,2023,363146721880.3955
FRA,SP.POP.TOTL,1960,514461834546.2939
FRA,SP.POP.TOTL,1961,514461834546.2939
FRA,SP.POP.TOTL,1962,525870588259.5868
FRA,SP.POP.TOTL,1963,537532343561.23926
FRA,SP.POP.TOTL,1964,549452711038.1148
FRA,SP.POP.TOTL,1965,561637425697.9752
FRA,SP.POP.TOTL,1966,574092349728.6509
FRA,SP.POP.TOTL,1967,586823475318.3965
FRA,SP.POP.TOTL,1968,599836927538.794
FRA,SP.POP.TOTL,1969,613588026138.8518
FRA,SP.POP.TOTL,1970,627339124738.9097
FRA,SP.POP.TOTL,1971,641090223338.9674
FRA,SP.POP.TOTL,1972,654841321939.0253
FRA,SP.POP.TOTL,1973,669363144281.5477
FRA,SP.POP.TOTL,1974,684207003913.2312
FRA,SP.POP.TOTL,1975,699380042363.0906
FRA,SP.POP.TOTL,1976,714889559531.3556
FRA,SP.POP.TOTL,1977,730743017201.5258
FRA,SP.POP.TOTL,1978,746948042630.3082
FRA,SP.POP.TOTL,1979,763512432217.168
FRA,SP.POP.TOTL,1980,780444155255.2529
FRA,SP.POP.TOTL,1981,797751357765.5004
FRA,SP.POP.TOTL,1982,815442366415.7693
FRA,SP.POP.TOTL,1983,833525692526.8826
FRA,SP.POP.TOTL,1984,852010036167.5096
FRA,SP.POP.TOTL,1985,870904290339.8553
FRA,SP.POP.TOTL,1986,890217545258.1722
FRA,SP.POP.TOTL,1987,909959092722.1538
FRA,SP.POP.TOTL,1988,930362180028.321
FRA,SP.POP.TOTL,1989,950765267334.4884
FRA,SP.POP.TOTL,1990,971849526740.7052
FRA,SP.POP.TOTL,1991,993401352653.5898
FRA,SP.POP.TOTL,1992,1015431113871.6826
FRA,SP.POP.TOTL,1993,1037949409132.9696
FRA,SP.POP.TOTL,1994,1060967072214.04
FRA,SP.POP.TOTL,1995,1084495177142.3256
FRA,SP.POP.TOTL,1996,1108811709565.9521
FRA,SP.POP.TOTL,1997,1133128241989.5789
FRA,SP.POP.TOTL,1998,1158535224166.366
FRA,SP.POP.TOTL,1999,1183942206343.153
FRA,SP.POP.TOTL,2000,1210197419336.4626
FRA,SP.POP.TOTL,2001,1237034870386.3518
FRA,SP.POP.TOTL,2002,1264467471258.367
FRA,SP.POP.TOTL,2003,1292508420050.573
FRA,SP.POP.TOTL,2004,1321171207543.2913
FRA,SP.POP.TOTL,2005,1350469623689.6477
FRA,SP.POP.TOTL,2006,1380417764250.0571
FRA,SP.POP.TOTL,2007,1411030037573.8352
FRA,SP.POP.TOTL,2008,1442321171531.1973
FRA,SP.POP.TOTL,2009,1474306220598.9854
FRA,SP.POP.TOTL,2010,1507000573103.5266
FRA,SP.POP.TOTL,2011,1540419958624.1106
FRA,SP.POP.TOTL,2012,1574580455560.6465
FRA,SP.POP.TOTL,2013,1609498498869.143
FRA,SP.POP.TOTL,2014,1645190887968.7285
FRA,SP.POP.TOTL,2015,1681674794824.0188
FRA,SP.POP.TOTL,2016,1718967772206.7236
FRA,SP.POP.TOTL,2017,1757510438369.7732
FRA,SP.POP.TOTL,2018,1796053104532.8228
FRA,SP.POP.TOTL,2019,1835882545998.9348
FRA,SP.POP.TOTL,2020,1876595248880.591
FRA,SP.POP.TOTL,2021,1918210800465.473
FRA,SP.POP.TOTL,2022,1960749222410.784
FRA,SP.POP.TOTL,2023,1960749222410.784
USA,NY.GDP.MKTP.CD,1960,94043812079.5109
USA,NY.GDP.MKTP.CD,1961,94043812079.5109
USA,NY.GDP.MKTP.CD,1962,94043812079.5109
USA,NY.GDP.MKTP.CD,1963,97485876466.99583
USA,NY.GDP.MKTP.CD,1964,101053922638.77484
USA,NY.GDP.MKTP.CD,1965,104752561609.68877
USA,NY.GDP.MKTP.CD,1966,108586573160.70592
USA,NY.GDP.MKTP.CD,1967,112560912015.8715
USA,NY.GDP.MKTP.CD,1968,116680714245.33755
USA,NY.GDP.MKTP.CD,1969,120951303902.74773
USA,NY.GDP.MKTP.CD,1970,125542203931.86702
USA,NY.GDP.MKTP.CD,1971,130133103960.98631
USA,NY.GDP.MKTP.CD,1972,134724003990.1056
USA,NY.GDP.MKTP.CD,1973,139654989729.83353
USA,NY.GDP.MKTP.CD,1974,144766452738.981
USA,NY.GDP.MKTP.CD,1975,150064998602.414
USA,NY.GDP.MKTP.CD,1976,155557474673.67996
USA,NY.GDP.MKTP.CD,1977,161355171894.1012
USA,NY.GDP.MKTP.CD,1978,167152869114.52246
USA,NY.GDP.MKTP.CD,1979,173270772305.84128
USA,NY.GDP.MKTP.CD,1980,179612594713.48358
USA,NY.GDP.MKTP.CD,1981,186186531925.68796
USA,NY.GDP.MKTP.CD,1982,193001079494.5265
USA,NY.GDP.MKTP.CD,1983,200065043914.77557
USA,NY.GDP.MKTP.CD,1984,207521558308.83704
USA,NY.GDP.MKTP.CD,1985,214978072702.8985
USA,NY.GDP.MKTP.CD,1986,222990402404.0311
USA,NY.GDP.MKTP.CD,1987,231002732105.1637
USA,NY.GDP.MKTP.CD,1988,239457581605.7205
USA,NY.GDP.MKTP.CD,1989,248221884069.99597
USA,NY.GDP.MKTP.CD,1990,257306965676.7409
USA,NY.GDP.MKTP.CD,1991,266724567150.1788
USA,NY.GDP.MKTP.CD,1992,276486858932.6382
USA,NY.GDP.MKTP.CD,1993,286606456912.5137
USA,NY.GDP.MKTP.CD,1994,297096438727.88
USA,NY.GDP.MKTP.CD,1995,307970360666.82947
USA,NY.GDP.MKTP.CD,1996,319242275186.3722
USA,NY.GDP.MKTP.CD,1997,330926749072.53955
USA,NY.GDP.MKTP.CD,1998,343038882265.1594
USA,NY.GDP.MKTP.CD,1999,355594327371.6301
USA,NY.GDP.MKTP.CD,2000,368609309894.91095
USA,NY.GDP.MKTP.CD,2001,382100649201.87103
USA,NY.GDP.MKTP.CD,2002,396085780259.09216
USA,NY.GDP.MKTP.CD,2003,410582776164.2171
USA,NY.GDP.MKTP.CD,2004,425610371501.9592
USA,NY.GDP.MKTP.CD,2005,441187986554.9574
USA,NY.GDP.MKTP.CD,2006,457335752400.7642
USA,NY.GDP.MKTP.CD,2007,474074536927.39935
USA,NY.GDP.MKTP.CD,2008,491425971801.0897
USA,NY.GDP.MKTP.CD,2009,509412480421.0463
USA,NY.GDP.MKTP.CD,2010,528057306897.4038
USA,NY.GDP.MKTP.CD,2011,547384546089.7712
USA,NY.GDP.MKTP.CD,2012,567785814932.8374
USA,NY.GDP.MKTP.CD,2013,588187083775.9036
USA,NY.GDP.MKTP.CD,2014,610109081595.9944
USA,NY.GDP.MKTP.CD,2015,632031079416.0851
USA,NY.GDP.MKTP.CD,2016,655163825974.7046
USA,NY.GDP.MKTP.CD,2017,679143246028.9373
USA,NY.GDP.MKTP.CD,2018,704000328376.6915
USA,NY.GDP.MKTP.CD,2019,729767196025.935
USA,NY.GDP.MKTP.CD,2020,756477147707.5183
USA,NY.GDP.MKTP.CD,2021,784671392090.6726
USA,NY.GDP.MKTP.CD,2022,812865636473.8268
USA,NY.GDP.MKTP.CD,2023,812865636473.8268
USA,SP.POP.TOTL,1960,567546660023.3577
USA,SP.POP.TOTL,1961,567546660023.3577
USA,SP.POP.TOTL,1962,595232374861.3969
USA,SP.POP.TOTL,1963,622918089699.436
USA,SP.POP.TOTL,1964,652597834744.4106
USA,SP.POP.TOTL,1965,683691709962.3583
USA,SP.POP.TOTL,1966,716267093430.2496
USA,SP.POP.TOTL,1967,751207597697.8018
USA,SP.POP.TOTL,1968,786148101965.3538
USA,SP.POP.TOTL,1969,823605153895.2161
USA,SP.POP.TOTL,1970,864746315071.4142
USA,SP.POP.TOTL,1971,905887476247.6123
USA,SP.POP.TOTL,1972,947028637423.8104
USA,SP.POP.TOTL,1973,993226010513.969
USA,SP.POP.TOTL,1974,1039423383604.1276
USA,SP.POP.TOTL,1975,1088948066751.5388
USA,SP.POP.TOTL,1976,1142068466840.3638
USA,SP.POP.TOTL,1977,1195188866929.189
USA,SP.POP.TOTL,1978,1252135199741.8489
USA,SP.POP.TOTL,1979,1311794814873.7644
USA,SP.POP.TOTL,1980,1374296990200.795
USA,SP.POP.TOTL,1981,1442946601862.9
USA,SP.POP.TOTL,1982,1511596213525.0051
USA,SP.POP.TOTL,1983,1580245825187.11
USA,SP.POP.TOTL,1984,1655538699122.7012
USA,SP.POP.TOTL,1985,1734419000264.316
USA,SP.POP.TOTL,1986,1817057656261.3552
USA,SP.POP.TOTL,1987,1903633738834.0696
USA,SP.POP.TOTL,1988,1994334851808.4397
USA,SP.POP.TOTL,1989,2089357537639.4805
USA,SP.POP.TOTL,1990,2188907703303.889
USA,SP.POP.TOTL,1991,2293201066484.8926
USA,SP.POP.TOTL,1992,2402463623016.1626
USA,SP.POP.TOTL,1993,2516932136597.7007
USA,SP.POP.TOTL,1994,2636854651844.878
USA,SP.POP.TOTL,1995,2762491031782.364
USA,SP.POP.TOTL,1996,2894113520947.6567
USA,SP.POP.TOTL,1997,3032007335324.417
USA,SP.POP.TOTL,1998,3176471280383.939
USA,SP.POP.TOTL,1999,3327818398574.019
USA,SP.POP.TOTL,2000,3490154004974.925
USA,SP.POP.TOTL,2001,3652489611375.831
USA,SP.POP.TOTL,2002,3826517243961.295
USA,SP.POP.TOTL,2003,4008836650138.388
USA,SP.POP.TOTL,2004,4199842902277.36
USA,SP.POP.TOTL,2005,4399949896486.956
USA,SP.POP.TOTL,2006,4609591249495.995
USA,SP.POP.TOTL,2007,4834453516940.604
USA,SP.POP.TOTL,2008,5059315784385.213
USA,SP.POP.TOTL,2009,5312041407995.331
USA,SP.POP.TOTL,2010,5564767031605.448
USA,SP.POP.TOTL,2011,5817492655215.566
USA,SP.POP.TOTL,2012,6094674682295.758
USA,SP.POP.TOTL,2013,6385063408668.884
USA,SP.POP.TOTL,2014,6689288084752.264
USA,SP.POP.TOTL,2015,7008007942420.274
USA,SP.POP.TOTL,2016,7349868309405.037
USA,SP.POP.TOTL,2017,7691728676389.8
USA,SP.POP.TOTL,2018,8058211123834.086
USA,SP.POP.TOTL,2019,8442155105601.213
USA,SP.POP.TOTL,2020,8844392599274.375
USA,SP.POP.TOTL,2021,9275834361981.773
USA,SP.POP.TOTL,2022,9707276124689.174
USA,SP.POP.TOTL,2023,9707276124689.174
